Workbook

Sheet Kalkulator
B2: BYSTRYM OKIEM
B3: bystrymokiem.pl
B5: KALKULATOR TAKT TIME
B6: Ile czasu masz na wyprodukowanie jednej sztuki?
B8: ▸ PARAMETRY ZMIANY
C9: ZMIANA A | D9: ZMIANA B | E9: ZMIANA C
B10: ▸ 1 — CZAS ZMIANY
B11: Czas zmiany (min) [np. 480] | C11: 480 | D11: 480 | M11: z
B12: Przerwy regulaminowe (min) [np. 30] | C12: 15 | D12: 15
B13: Mycie / sanityzacja (min) [np. 20] | C13: 0 | D13: 45
B14: Przygotowanie i zakończenie (min) [np. 15] | C14: 15 | D14: 15
B16: ▸ 2 — PRZEZBROJENIA NA ZMIANĘ
B17: Liczba przezbrojeń [np. 3] | C17: 2 | D17: 0
B18: Średni czas przezbrojenia (min) [np. 25] | C18: 15 | D18: 15
B20: ▸ 3 — INNE PLANOWANE PRZESTOJE (min)
B21: Konserwacja TPM / awarie planowe [np. 10] | C21: 0 | D21: 0
B23: ▸ 4 — ZAPOTRZEBOWANIE DOBOWE
B24: Zapotrzebowanie dobowe (szt.) | C24: 7500
B25: Bufor bezpieczeństwa (%) | C25: 5
B27: ▸ 5 — OBSADA NA ZMIANĘ
C28: ZMIANA A | D28: ZMIANA B | E28: ZMIANA C
B29: Operatorzy (obsługa maszyn) | C29: 1 | D29: 1
B30: Liderzy / Brygadziści (nadzór) | C30: 1 | D30: 1
B31: Pracownicy linii (za maszynami) | C31: 10 | D31: 8
B33: ▸ WYNIKI
C34: ZMIANA A | D34: ZMIANA B | E34: ZMIANA C
B35: Czas netto produkcji na zmianę (min) | C35: =IF(OR(C11="",C12="",C13="",C14="",C17="",C18="",C21=""),"",C11-C12-C13-C14-(C17*C18)-C21) -> 420 | D35: =IF(OR(D11="",D12="",D13="",D14="",D17="",D18="",D21=""),"",D11-D12-D13-D14-(D17*D18)-D21) -> 405 | E35: =IF(OR(E11="",E12="",E13="",E14="",E17="",E18="",E21=""),"",E11-E12-E13-E14-(E17*E18)-E21)
B36: Takt time (min/szt.) | C36: =IF(OR(C35="",C24="",C24=0),"",C35/C24) -> 0.056 | D36: =IF(OR(D35="",C24="",C24=0),"",D35/C24) -> 0.054 | E36: =IF(OR(E35="",C24="",C24=0),"",E35/C24)
B37: Takt time z buforem (min/szt.) | C37: =IF(OR(C36="",C25=""),"",IF(C25=0,C36,C36*(1-C25/100))) -> 0.0532 | D37: =IF(OR(D36="",C25=""),"",IF(C25=0,D36,D36*(1-C25/100))) -> 0.0513 | E37: =IF(OR(E36="",C25=""),"",IF(C25=0,E36,E36*(1-C25/100)))
B38: Takt time (sek/szt.) | C38: =IF(C36="","",C36*60) -> 3.36 | D38: =IF(D36="","",D36*60) -> 3.24 | E38: =IF(E36="","",E36*60)
B39: Takt time z buforem (sek/szt.) | C39: =IF(C37="","",C37*60) -> 3.192 | D39: =IF(D37="","",D37*60) -> 3.078 | E39: =IF(E37="","",E37*60)
B40: Cycle time max na operatora (min) | C40: =IF(OR(C36="",C29="",C29=0),"",C36*C29) -> 0.056 | D40: =IF(OR(D36="",D29="",D29=0),"",D36*D29) -> 0.054 | E40: =IF(OR(E36="",E29="",E29=0),"",E36*E29)
B41: Wydajność godzinowa (szt./godz.) | C41: =IF(OR(C36="",C36=0),"",60/C36) -> 1071.4286 | D41: =IF(OR(D36="",D36=0),"",60/D36) -> 1111.1111 | E41: =IF(OR(E36="",E36=0),"",60/E36)
B42: Łączne straty na zmianę (min) | C42: =IF(OR(C12="",C13="",C14="",C17="",C18="",C21=""),"",C12+C13+C14+(C17*C18)+C21) -> 60 | D42: =IF(OR(D12="",D13="",D14="",D17="",D18="",D21=""),"",D12+D13+D14+(D17*D18)+D21) -> 75 | E42: =IF(OR(E12="",E13="",E14="",E17="",E18="",E21=""),"",E12+E13+E14+(E17*E18)+E21)
B43: Dostępność zmiany (%) | C43: =IF(OR(C35="",C11="",C11=0),"",C35/C11*100) -> 87.5 | D43: =IF(OR(D35="",D11="",D11=0),"",D35/D11*100) -> 84.375 | E43: =IF(OR(E35="",E11="",E11=0),"",E35/E11*100)
B44: Łączna obsada na zmianę (os.) | C44: =IF(OR(C29="",C30="",C31=""),"",C29+C30+C31) -> 12 | D44: =IF(OR(D29="",D30="",D31=""),"",D29+D30+D31) -> 10 | E44: =IF(OR(E29="",E30="",E31=""),"",E29+E30+E31)
B46: © Teodor Doroba | bystrymokiem.pl | Bezpłatny do użytku własnego

Sheet Instrukcja
B2: INSTRUKCJA — KALKULATOR TAKT TIME
B4: STRUKTURA ARKUSZA:
B5: Kolumny C / D / E Zmiana A, Zmiana B, Zmiana C — każda zmiana ma własne parametry.
B6: Zapotrzebowanie i bufor Wspólne dla całej doby — wpisujesz raz.
B8: JAK WYPEŁNIAĆ:
B9: Sekcja 1 Czas zmiany, przerwy regulaminowe, czas mycia linii, przygotowanie i zakończenie — osobno dla każdej zmiany.
B10: Sekcja 2 Liczba przezbrojeń i średni czas przezbrojenia — osobno dla każdej zmiany.
B11: Sekcja 3 Inne planowane przestoje (TPM, konserwacja) — osobno dla każdej zmiany.
B12: Sekcja 4 Zapotrzebowanie dobowe w sztukach i bufor — wspólne, wpisz raz.
B13: Sekcja 5 Obsada: operatorzy (przy maszynach), liderzy/brygadziści (nadzór), pracownicy linii (za maszynami).
B15: ROLE:
B16: Operator Obsługuje maszynę bezpośrednio. Wchodzi do kalkulacji cycle time.
... B26: AUTOR: Teodor Doroba | bystrymokiem.pl — o doskonaleniu produkcji

Sheet Analiza strat i OEE
B2: BYSTRYM OKIEM — ANALIZA STRAT I OEE
B3: Zakładka powiązana z arkuszem Kalkulator — żółte pola uzupełnij tu
B5: ▸ 1 — DANE WEJŚCIOWE DO ANALIZY KOSZTÓW
B7: Standard wydajności (szt./h) [np. 240]
B8: Marża jednostkowa (zł/szt.) [lub zostaw puste i wpisz koszt straty ręcznie]
B9: Średni koszt pracownika brutto (zł/h) [np. 35]
B10: Stały koszt linii (zł/h) [amortyzacja, energia, najem — np. 180]
B12: Liczba pracowników na zmianę (z Kalkulatora) | C12: =Kalkulator!C44 -> 12 | D12: =Kalkulator!D44 -> 10 | E12: =Kalkulator!E44
B14: ▸ 2 — STRATY PLANOWANE NA ZMIANĘ (z Kalkulatora)
C15: ZMIANA A | D15: ZMIANA B | E15: ZMIANA C
B16: Przerwy regulaminowe (min) | C16: =IF(Kalkulator!C12="","",Kalkulator!C12) -> 15 | D16: =IF(Kalkulator!D12="","",Kalkulator!D12) -> 15 | E16: =IF(Kalkulator!E12="","",Kalkulator!E12)
B17: Mycie / sanityzacja (min) | C17: =IF(Kalkulator!C13="","",Kalkulator!C13) -> 0 | D17: =IF(Kalkulator!D13="","",Kalkulator!D13) -> 45 | E17: =IF(Kalkulator!E13="","",Kalkulator!E13)
B18: Przygotowanie i zakończenie (min) | C18: =IF(Kalkulator!C14="","",Kalkulator!C14) -> 15 | D18: =IF(Kalkulator!D14="","",Kalkulator!D14) -> 15 | E18: =IF(Kalkulator!E14="","",Kalkulator!E14)
B19: Przezbrojenia — łącznie (min) | C19: =IF(OR(Kalkulator!C17="",Kalkulator!C18=""),"",Kalkulator!C17*Kalkulator!C18) -> 30 | D19: =IF(OR(Kalkulator!D17="",Kalkulator!D18=""),"",Kalkulator!D17*Kalkulator!D18) -> 0 | E19: =IF(OR(Kalkulator!E17="",Kalkulator!E18=""),"",Kalkulator!E17*Kalkulator!E18)
B20: Inne planowane przestoje (min) | C20: =IF(Kalkulator!C21="","",Kalkulator!C21) -> 0 | D20: =IF(Kalkulator!D21="","",Kalkulator!D21) -> 0 | E20: =IF(Kalkulator!E21="","",Kalkulator!E21)
B21: ŁĄCZNE STRATY NA ZMIANĘ (min) | C21: =IFERROR(C16+C17+C18+C19+C20,"") -> 60 | D21: =IFERROR(D16+D17+D18+D19+D20,"") -> 75 | E21: =IFERROR(E16+E17+E18+E19+E20,"")
B23: ▸ 3 — OEE: SKŁADOWA DOSTĘPNOŚCI
C24: ZMIANA A | D24: ZMIANA B | E24: ZMIANA C
B25: Czas zmiany (min) | C25: =Kalkulator!C11 -> 480 | D25: =Kalkulator!D11 -> 480 | E25: =Kalkulator!E11 -> 0
B26: Czas netto produkcji (min) | C26: =Kalkulator!C35 -> 420 | D26: =Kalkulator!D35 -> 405 | E26: =Kalkulator!E35
B27: DOSTĘPNOŚĆ (OEE składowa) % | C27: =IF(OR(C25="",C25=0),"",C26/C25*100) -> 87.5 | D27: =IF(OR(D25="",D25=0),"",D26/D25*100) -> 84.375 | E27: =IF(OR(E25="",E25=0),"",E26/E25*100)
B29: ▸ 4 — KOSZT PRZESTOJÓW NA ZMIANĘ
C30: ZMIANA A | D30: ZMIANA B | E30: ZMIANA C
B31: Utracone sztuki przez przestoje | C31: =IF(OR(Kalkulator!C43="",$C$7=""),"",$C$7/60*Kalkulator!C43) | D31: =IF(OR(Kalkulator!D43="",$C$7=""),"",$C$7/60*Kalkulator!D43) | E31: =IF(OR(Kalkulator!E43="",$C$7=""),"",$C$7/60*Kalkulator!E43)
B32: Koszt utraconej marży (zł) | C32: =IF(OR(C31="",$C$8=""),"brak marży",C31*$C$8) -> brak marży | D32: =IF(OR(D31="",$C$8=""),"brak marży",D31*$C$8) -> brak marży | E32: =IF(OR(E31="",$C$8=""),"brak marży",E31*$C$8) -> brak marży
B33: Koszt pracowników za czas przestoju (zł) | C33: =IF(OR(Kalkulator!C43="",$C$9="",C12=""),"",$C$9*C12*(Kalkulator!C43/60)) | D33: =IF(OR(Kalkulator!D43="",$C$9="",D12=""),"",$C$9*D12*(Kalkulator!D43/60)) | E33: =IF(OR(Kalkulator!E43="",$C$9="",E12=""),"",$C$9*E12*(Kalkulator!E43/60))
B34: Koszt stały linii za czas przestoju (zł) | C34: =IF(OR(Kalkulator!C43="",$C$10=""),"",$C$10*(Kalkulator!C43/60)) | D34: =IF(OR(Kalkulator!D43="",$C$10=""),"",$C$10*(Kalkulator!D43/60)) | E34: =IF(OR(Kalkulator!E43="",$C$10=""),"",$C$10*(Kalkulator!E43/60))
B35: ŁĄCZNY KOSZT PRZESTOJÓW NA ZMIANĘ (zł) | C35: =IF(OR(C33="",C34=""),"",IF($C$8="",C33+C34,IF(ISNUMBER(C32),C32+C33+C34,C33+C34))) | D35: =IF(OR(D33="",D34=""),"",IF($C$8="",D33+D34,IF(ISNUMBER(D32),D32+D33+D34,D33+D34))) | E35: =IF(OR(E33="",E34=""),"",IF($C$8="",E33+E34,IF(ISNUMBER(E32),E32+E33+E34,E33+E34)))
B36: Szacunkowy koszt roczny (×250 dni roboczych) zł | C36: =IF(C35="","",C35*250) | D36: =IF(D35="","",D35*250) | E36: =IF(E35="","",E35*250)
B38: ▸ 5 — SUGESTIE NA PODSTAWIE WYNIKÓW
B39: Sugestie generowane automatycznie — progi: dostępność <85% = ostrzeżenie, <75% = działanie
C40: ZMIANA A | D40: ZMIANA B | E40: ZMIANA C
B41: Sugestia — dostępność | C41: =IF(C27="","—",IF(C27<75,"⚠ KRYTYCZNE: dostępność poniżej 75% — natychmiastowa analiza strat; rozważ dodatkową zmianę lub nadgodziny",IF(C27<85,"▲ Dostępność poniżej 85% — sprawdź przezbrojenia i mycie; rozważ SMED lub zmianę sekwencji",IF(C27>=95,"✓ Dostępność powyżej 95% — dobry wynik; monitoruj regularnie","◆ Dostępność w normie — sprawdź czy bufor bezpieczeństwa jest wystarczający")))) -> ◆ Dostępność w normie — sprawdź czy bufor bezpieczeństwa jest wystarczający | D41: =IF(D27="","—",IF(D27<75,"⚠ KRYTYCZNE: dostępność poniżej 75% — natychmiastowa analiza strat; rozważ dodatkową zmianę lub nadgodziny",IF(D27<85,"▲ Dostępność poniżej 85% — sprawdź przezbrojenia i mycie; rozważ SMED lub zmianę sekwencji",IF(D27>=95,"✓ Dostępność powyżej 95% — dobry wynik; monitoruj regularnie","◆ Dostępność w normie — sprawdź czy bufor bezpieczeństwa jest wystarczający")))) -> ▲ Dostępność poniżej 85% — sprawdź przezbrojenia i mycie; rozważ SMED lub zmianę sekwencji | E41: =IF(E27="","—",IF(E27<75,"⚠ KRYTYCZNE: dostępność poniżej 75% — natychmiastowa analiza strat; rozważ dodatkową zmianę lub nadgodziny",IF(E27<85,"▲ Dostępność poniżej 85% — sprawdź przezbrojenia i mycie; rozważ SMED lub zmianę sekwencji",IF(E27>=95,"✓ Dostępność powyżej 95% — dobry wynik; monitoruj regularnie","◆ Dostępność w normie — sprawdź czy bufor bezpieczeństwa jest wystarczający")))) -> —
B42: Sugestia — przezbrojenia | C42: =IF(OR(Kalkulator!C17="",Kalkulator!C18=""),"brak danych",IF(Kalkulator!C17*Kalkulator!C18>Kalkulator!C11*0.25,"⚠ Przezbrojenia zajmują >"&TEXT(Kalkulator!C17*Kalkulator!C18/Kalkulator!C11*100,"0")&"% zmiany — priorytet: SMED, standaryzacja lub zmiana kolejności serii",IF(Kalkulator!C17*Kalkulator!C18>Kalkulator!C11*0.15,"▲ Przezbrojenia zajmują "&TEXT(Kalkulator!C17*Kalkulator!C18/Kalkulator!C11*100,"0")&"% zmiany — rozważ grupowanie podobnych zleceń","✓ Czas przezbrojeń poniżej 15% zmiany — poziom akceptowalny"))) -> ✓ Czas przezbrojeń poniżej 15% zmiany — poziom akceptowalny | D42: =IF(OR(Kalkulator!D17="",Kalkulator!D18=""),"brak danych",IF(Kalkulator!D17*Kalkulator!D18>Kalkulator!D11*0.25,"⚠ Przezbrojenia zajmują >"&TEXT(Kalkulator!D17*Kalkulator!D18/Kalkulator!D11*100,"0")&"% zmiany — priorytet: SMED, standaryzacja lub zmiana kolejności serii",IF(Kalkulator!D17*Kalkulator!D18>Kalkulator!D11*0.15,"▲ Przezbrojenia zajmują "&TEXT(Kalkulator!D17*Kalkulator!D18/Kalkulator!D11*100,"0")&"% zmiany — rozważ grupowanie podobnych zleceń","✓ Czas przezbrojeń poniżej 15% zmiany — poziom akceptowalny"))) -> ✓ Czas przezbrojeń poniżej 15% zmiany — poziom akceptowalny | E42: =IF(OR(Kalkulator!E17="",Kalkulator!E18=""),"brak danych",IF(Kalkulator!E17*Kalkulator!E18>Kalkulator!E11*0.25,"⚠ Przezbrojenia zajmują >"&TEXT(Kalkulator!E17*Kalkulator!E18/Kalkulator!E11*100,"0")&"% zmiany — priorytet: SMED, standaryzacja lub zmiana kolejności serii",IF(Kalkulator!E17*Kalkulator!E18>Kalkulator!E11*0.15,"▲ Przezbrojenia zajmują "&TEXT(Kalkulator!E17*Kalkulator!E18/Kalkulator!E11*100,"0")&"% zmiany — rozważ grupowanie podobnych zleceń","✓ Czas przezbrojeń poniżej 15% zmiany — poziom akceptowalny"))) -> brak danych
B43: Sugestia — obsada vs takt time | C43: =IF(OR(Kalkulator!C36="",Kalkulator!C29="",Kalkulator!C29=0),"brak danych",IF(Kalkulator!C44>Kalkulator!C36*1.3,"▲ Obsada wysoka w stosunku do takt time — sprawdź balans linii; możliwa redukcja o 1-2 osoby",IF(Kalkulator!C44<Kalkulator!C36*0.7,"⚠ Obsada niska — ryzyko niedotrzymania takt time; rozważ nadgodziny lub dodatkowego operatora","✓ Obsada proporcjonalna do takt time"))) -> ▲ Obsada wysoka w stosunku do takt time — sprawdź balans linii; możliwa redukcja o 1-2 osoby | D43: =IF(OR(Kalkulator!D36="",Kalkulator!D29="",Kalkulator!D29=0),"brak danych",IF(Kalkulator!D44>Kalkulator!D36*1.3,"▲ Obsada wysoka w stosunku do takt time — sprawdź balans linii; możliwa redukcja o 1-2 osoby",IF(Kalkulator!D44<Kalkulator!D36*0.7,"⚠ Obsada niska — ryzyko niedotrzymania takt time; rozważ nadgodziny lub dodatkowego operatora","✓ Obsada proporcjonalna do takt time"))) -> ▲ Obsada wysoka w stosunku do takt time — sprawdź balans linii; możliwa redukcja o 1-2 osoby | E43: =IF(OR(Kalkulator!E36="",Kalkulator!E29="",Kalkulator!E29=0),"brak danych",IF(Kalkulator!E44>Kalkulator!E36*1.3,"▲ Obsada wysoka w stosunku do takt time — sprawdź balans linii; możliwa redukcja o 1-2 osoby",IF(Kalkulator!E44<Kalkulator!E36*0.7,"⚠ Obsada niska — ryzyko niedotrzymania takt time; rozważ nadgodziny lub dodatkowego operatora","✓ Obsada proporcjonalna do takt time"))) -> brak danych
B44: Sugestia — koszt przestoju | C44: =IF(C36="","brak danych",IF(C36>5000,"⚠ Koszt roczny przestojów przekracza 5000 zł/zmianę — analiza ROI dla inwestycji redukujących przestoje uzasadniona",IF(C36>2000,"▲ Koszt roczny przestojów "&TEXT(C36,"#,##0")&" zł — rozważ priorytetyzację działań TPM","✓ Koszt przestojów na akceptowalnym poziomie — monitoruj trend"))) -> brak danych | D44: =IF(D36="","brak danych",IF(D36>5000,"⚠ Koszt roczny przestojów przekracza 5000 zł/zmianę — analiza ROI dla inwestycji redukujących przestoje uzasadniona",IF(D36>2000,"▲ Koszt roczny przestojów "&TEXT(D36,"#,##0")&" zł — rozważ priorytetyzację działań TPM","✓ Koszt przestojów na akceptowalnym poziomie — monitoruj trend"))) -> brak danych | E44: =IF(E36="","brak danych",IF(E36>5000,"⚠ Koszt roczny przestojów przekracza 5000 zł/zmianę — analiza ROI dla inwestycji redukujących przestoje uzasadniona",IF(E36>2000,"▲ Koszt roczny przestojów "&TEXT(E36,"#,##0")&" zł — rozważ priorytetyzację działań TPM","✓ Koszt przestojów na akceptowalnym poziomie — monitoruj trend"))) -> brak danych
B46: © Teodor Doroba | bystrymokiem.pl | Bezpłatny do użytku własnego
